delta_ticks,p_ask,p_bid
1,0.7204861111111112,0.7075231481481481
2,0.6162037037037037,0.6006944444444444
3,0.5148148148148148,0.5091435185185185
4,0.425,0.42407407407407405
5,0.3525462962962963,0.35324074074074074
6,0.29224537037037035,0.29606481481481484
7,0.23819444444444443,0.24479166666666666
8,0.1986111111111111,0.20347222222222222
9,0.16377314814814814,0.16712962962962963
10,0.1337962962962963,0.13935185185185187
11,0.11180555555555556,0.11666666666666667
12,0.09155092592592592,0.09594907407407408
13,0.07523148148148148,0.08263888888888889
14,0.06215277777777778,0.06909722222222223
15,0.050694444444444445,0.05914351851851852
16,0.041435185185185186,0.04976851851851852
17,0.03391203703703704,0.04282407407407408
18,0.028356481481481483,0.03553240740740741
19,0.02326388888888889,0.028703703703703703
20,0.01875,0.024652777777777777
21,0.015509259259259259,0.020949074074074075
22,0.013425925925925926,0.017824074074074076
23,0.01087962962962963,0.014467592592592593
24,0.009375,0.013078703703703703
25,0.00798611111111111,0.010763888888888889
26,0.00636574074074074,0.009027777777777777
27,0.005439814814814815,0.0077546296296296295
28,0.004629629629629629,0.006597222222222222
29,0.0042824074074074075,0.005555555555555556
30,0.003125,0.004861111111111111
